clean_url,raison
/ar/amsterdam-visa-requirements,Page destination isolee sans hub pays ; intention distincte ; version EN a fortes impressions
/ar/cappadocia-visa-requirements,Page destination isolee sans hub pays ; intention distincte ; version EN a fortes impressions
/ar/machu-picchu-visa-requirements,Page destination isolee sans hub pays ; intention distincte ; version EN a fortes impressions
/ar/patagonia-visa-requirements,Page destination isolee sans hub pays ; intention distincte ; version EN a fortes impressions
/ar/taipei-visa-requirements,Page destination isolee sans hub pays ; intention distincte ; version EN a fortes impressions
/en/amsterdam-visa-requirements,Page destination isolee sans hub pays ; intention distincte ; version EN a fortes impressions
/en/california-visa-requirements,Page destination isolee sans hub pays ; intention distincte ; version EN a fortes impressions
/en/galapagos-visa-requirements,Page destination isolee sans hub pays ; intention distincte ; version EN a fortes impressions
/en/patagonia-visa-requirements,Page destination isolee sans hub pays ; intention distincte ; version EN a fortes impressions
/en/santorini-visa-requirements,Page destination isolee sans hub pays ; intention distincte ; version EN a fortes impressions
/es/amsterdam-visa-requirements,Page destination isolee sans hub pays ; intention distincte ; version EN a fortes impressions
/es/cappadocia-visa-requirements,Page destination isolee sans hub pays ; intention distincte ; version EN a fortes impressions
/es/machu-picchu-visa-requirements,Page destination isolee sans hub pays ; intention distincte ; version EN a fortes impressions
/es/patagonia-visa-requirements,Page destination isolee sans hub pays ; intention distincte ; version EN a fortes impressions
/es/taipei-visa-requirements,Page destination isolee sans hub pays ; intention distincte ; version EN a fortes impressions
/fr/amsterdam-visa-requirements,Page destination isolee sans hub pays ; intention distincte ; version EN a fortes impressions
/fr/cappadocia-visa-requirements,Page destination isolee sans hub pays ; intention distincte ; version EN a fortes impressions
/fr/machu-picchu-visa-requirements,Page destination isolee sans hub pays ; intention distincte ; version EN a fortes impressions
/fr/patagonia-visa-requirements,Page destination isolee sans hub pays ; intention distincte ; version EN a fortes impressions
/fr/taipei-visa-requirements,Page destination isolee sans hub pays ; intention distincte ; version EN a fortes impressions
/ja/amsterdam-visa-requirements,Page destination isolee sans hub pays ; intention distincte ; version EN a fortes impressions
/ja/cappadocia-visa-requirements,Page destination isolee sans hub pays ; intention distincte ; version EN a fortes impressions
/ja/machu-picchu-visa-requirements,Page destination isolee sans hub pays ; intention distincte ; version EN a fortes impressions
/ja/patagonia-visa-requirements,Page destination isolee sans hub pays ; intention distincte ; version EN a fortes impressions
/ja/taipei-visa-requirements,Page destination isolee sans hub pays ; intention distincte ; version EN a fortes impressions
/ko/amsterdam-visa-requirements,Page destination isolee sans hub pays ; intention distincte ; version EN a fortes impressions
/ko/cappadocia-visa-requirements,Page destination isolee sans hub pays ; intention distincte ; version EN a fortes impressions
/ko/machu-picchu-visa-requirements,Page destination isolee sans hub pays ; intention distincte ; version EN a fortes impressions
/ko/patagonia-visa-requirements,Page destination isolee sans hub pays ; intention distincte ; version EN a fortes impressions
/ko/taipei-visa-requirements,Page destination isolee sans hub pays ; intention distincte ; version EN a fortes impressions
/pt/amsterdam-visa-requirements,Page destination isolee sans hub pays ; intention distincte ; version EN a fortes impressions
/pt/cappadocia-visa-requirements,Page destination isolee sans hub pays ; intention distincte ; version EN a fortes impressions
/pt/machu-picchu-visa-requirements,Page destination isolee sans hub pays ; intention distincte ; version EN a fortes impressions
/pt/patagonia-visa-requirements,Page destination isolee sans hub pays ; intention distincte ; version EN a fortes impressions
/pt/taipei-visa-requirements,Page destination isolee sans hub pays ; intention distincte ; version EN a fortes impressions
/ru/amsterdam-visa-requirements,Page destination isolee sans hub pays ; intention distincte ; version EN a fortes impressions
/ru/patagonia-visa-requirements,Page destination isolee sans hub pays ; intention distincte ; version EN a fortes impressions
/ru/taipei-visa-requirements,Page destination isolee sans hub pays ; intention distincte ; version EN a fortes impressions
/th/amsterdam-visa-requirements,Page destination isolee sans hub pays ; intention distincte ; version EN a fortes impressions
/th/cappadocia-visa-requirements,Page destination isolee sans hub pays ; intention distincte ; version EN a fortes impressions
/th/machu-picchu-visa-requirements,Page destination isolee sans hub pays ; intention distincte ; version EN a fortes impressions
/th/patagonia-visa-requirements,Page destination isolee sans hub pays ; intention distincte ; version EN a fortes impressions
/th/taipei-visa-requirements,Page destination isolee sans hub pays ; intention distincte ; version EN a fortes impressions
/zh/amsterdam-visa-requirements,Page destination isolee sans hub pays ; intention distincte ; version EN a fortes impressions
/zh/cappadocia-visa-requirements,Page destination isolee sans hub pays ; intention distincte ; version EN a fortes impressions
/zh/machu-picchu-visa-requirements,Page destination isolee sans hub pays ; intention distincte ; version EN a fortes impressions
/zh/patagonia-visa-requirements,Page destination isolee sans hub pays ; intention distincte ; version EN a fortes impressions
/zh/taipei-visa-requirements,Page destination isolee sans hub pays ; intention distincte ; version EN a fortes impressions
